Variable,Count,Mean,Median,Mode,Std,Variance,Min,Q1,Q2,Q3,Max,Range,IQR,CV,Skewness,Kurtosis
cantidad,343,2.9620991253644315,3.0,2,1.3663749032056849,1.8669803761103445,1,2.0,3.0,4.0,5,4,2.0,46.128601555073814,0.06181867676904549,-1.2391344615358448
precio_unitario,343,2654.4956268221576,2512.0,3444,1308.6947201677153,1712681.8705948547,272,1618.5,2512.0,3876.0,4982,4710,2257.5,49.30106898440913,0.1661874235069398,-1.0398741538730196
importe,343,7730.078717201166,6702.0,4435,5265.543076592034,27725943.891446304,272,3489.0,6702.0,10231.5,24865,24593,6742.5,68.11758675723463,0.874482341758763,0.14297553233753835
