,cantidad,precio_unitario,importe,mes,dia_semana
cantidad,1.0,-0.07448337679011155,0.5997233875219228,0.015430740712630378,-0.02056323483451242
precio_unitario,-0.07448337679011155,1.0,0.6792979091934254,0.05688265437837605,-0.02347996524614324
importe,0.5997233875219228,0.6792979091934254,1.0,0.07222603620151928,-0.026890847147050995
mes,0.015430740712630378,0.05688265437837605,0.07222603620151928,1.0,0.05730147903827719
dia_semana,-0.02056323483451242,-0.02347996524614324,-0.026890847147050995,0.05730147903827719,1.0
