,cantidad,precio_unitario,importe,mes,dia_semana
cantidad,1.0,-0.07070591750848594,0.6106932998468838,0.01667153509809706,-0.0195987718352322
precio_unitario,-0.07070591750848594,1.0,0.6981715874469925,0.06443397076225467,-0.018339530841384916
importe,0.6106932998468838,0.6981715874469925,1.0,0.07111182587193511,-0.03158803376953527
mes,0.01667153509809706,0.06443397076225467,0.07111182587193511,1.0,0.05336666784771757
dia_semana,-0.0195987718352322,-0.018339530841384916,-0.03158803376953527,0.05336666784771757,1.0
